paymentId,branchId,shipmentId,date,paymentType,amount,cardReaderId,status
PAY-2609-0001,BR-DEMO-001,TPX-2609-0001,2026-09-01,cod,221000,,paid
PAY-2609-0002,BR-DEMO-001,TPX-2609-0002,2026-09-02,card_reader,262000,POS-002,paid
PAY-2609-0003,BR-DEMO-001,TPX-2609-0003,2026-09-03,cash,303000,,paid
PAY-2609-0004,BR-DEMO-001,TPX-2609-0004,2026-09-04,cod,344000,,paid
PAY-2609-0005,BR-DEMO-001,TPX-2609-0005,2026-09-05,card_reader,385000,POS-001,paid
PAY-2609-0006,BR-DEMO-001,TPX-2609-0006,2026-09-06,cash,426000,,paid
PAY-2609-0007,BR-DEMO-001,TPX-2609-0007,2026-09-07,cod,467000,,paid
PAY-2609-0008,BR-DEMO-001,TPX-2609-0008,2026-09-08,card_reader,508000,POS-002,paid
PAY-2609-0009,BR-DEMO-001,TPX-2609-0009,2026-09-09,cash,549000,,paid
PAY-2609-0010,BR-DEMO-001,TPX-2609-0010,2026-09-10,cod,590000,,paid
PAY-2609-0011,BR-DEMO-001,TPX-2609-0011,2026-09-01,card_reader,631000,POS-001,paid
PAY-2609-0012,BR-DEMO-001,TPX-2609-0012,2026-09-02,cash,672000,,paid
