shipmentId,branchId,trackingCode,registrationDate,customerName,destinationCity,serviceType,paymentType,amount,packageCount,weightKg,packageType,status,courierId,cardReaderId,notes
TPX-2609-0001,BR-DEMO-001,10090000001,2026-09-01,فروشگاه آریا,تهران,پیشتاز,cash,152500,2,1.45,کارتن متوسط,delivered,CR-001,,داده نمونه برای تست سامانه
TPX-2609-0002,BR-DEMO-001,10090000002,2026-09-02,شرکت پارس,کرج,پیشتاز,cod,180000,3,2.1,کارتن بزرگ,delivered,CR-002,POS-002,داده نمونه برای تست سامانه
TPX-2609-0003,BR-DEMO-001,10090000003,2026-09-03,مجموعه سپهر,قزوین,ویژه,cash,207500,4,2.75,پاکت,delivered,CR-003,,داده نمونه برای تست سامانه
TPX-2609-0004,BR-DEMO-001,10090000004,2026-09-04,فروشگاه نوین,قم,پیشتاز,cod,235000,1,3.4,کارتن کوچک,returned,CR-001,POS-002,داده نمونه برای تست سامانه
TPX-2609-0005,BR-DEMO-001,10090000005,2026-09-05,شرکت راهکار,تهران,پیشتاز,cash,262500,2,4.05,کارتن متوسط,closed,CR-002,,داده نمونه برای تست سامانه
TPX-2609-0006,BR-DEMO-001,10090000006,2026-09-06,مشتری نمونه,کرج,ویژه,cod,290000,3,4.7,کارتن بزرگ,in_transit,CR-003,POS-002,داده نمونه برای تست سامانه
TPX-2609-0007,BR-DEMO-001,10090000007,2026-09-07,فروشگاه آریا,تهران,پیشتاز,cash,317500,4,0.8,پاکت,delivered,CR-001,,داده نمونه برای تست سامانه
TPX-2609-0008,BR-DEMO-001,10090000008,2026-09-08,شرکت پارس,کرج,پیشتاز,cod,345000,1,1.45,کارتن کوچک,delivered,CR-002,POS-002,داده نمونه برای تست سامانه
TPX-2609-0009,BR-DEMO-001,10090000009,2026-09-09,مجموعه سپهر,قزوین,ویژه,cash,372500,2,2.1,کارتن متوسط,delivered,CR-003,,داده نمونه برای تست سامانه
TPX-2609-0010,BR-DEMO-001,10090000010,2026-09-10,فروشگاه نوین,قم,پیشتاز,cod,400000,3,2.75,کارتن بزرگ,returned,CR-001,POS-002,داده نمونه برای تست سامانه
TPX-2609-0011,BR-DEMO-001,10090000011,2026-09-11,شرکت راهکار,تهران,پیشتاز,cash,427500,4,3.4,پاکت,closed,CR-002,,داده نمونه برای تست سامانه
TPX-2609-0012,BR-DEMO-001,10090000012,2026-09-12,مشتری نمونه,کرج,ویژه,cod,455000,1,4.05,کارتن کوچک,in_transit,CR-003,POS-002,داده نمونه برای تست سامانه
TPX-2609-0013,BR-DEMO-001,10090000013,2026-09-01,فروشگاه آریا,تهران,پیشتاز,cash,482500,2,4.7,کارتن متوسط,delivered,CR-001,,داده نمونه برای تست سامانه
TPX-2609-0014,BR-DEMO-001,10090000014,2026-09-02,شرکت پارس,کرج,پیشتاز,cod,510000,3,0.8,کارتن بزرگ,delivered,CR-002,POS-002,داده نمونه برای تست سامانه
TPX-2609-0015,BR-DEMO-001,10090000015,2026-09-03,مجموعه سپهر,قزوین,ویژه,cash,537500,4,1.45,پاکت,delivered,CR-003,,داده نمونه برای تست سامانه
TPX-2609-0016,BR-DEMO-001,10090000016,2026-09-04,فروشگاه نوین,قم,پیشتاز,cod,565000,1,2.1,کارتن کوچک,returned,CR-001,POS-002,داده نمونه برای تست سامانه
TPX-2609-0017,BR-DEMO-001,10090000017,2026-09-05,شرکت راهکار,تهران,پیشتاز,cash,592500,2,2.75,کارتن متوسط,closed,CR-002,,داده نمونه برای تست سامانه
TPX-2609-0018,BR-DEMO-001,10090000018,2026-09-06,مشتری نمونه,کرج,ویژه,cod,620000,3,3.4,کارتن بزرگ,in_transit,CR-003,POS-002,داده نمونه برای تست سامانه
